<?xml version='1.0' encoding='UTF-8'?>
<?artifactRepository version='1.1.0'?>
<repository name='file:/C:/Workspace/PlanetLoop/youtube-connector/target/update-site/ - artifacts' type='org.eclipse.equinox.p2.artifact.repository.simpleRepository' version='1'>
  <properties size='2'>
    <property name='p2.timestamp' value='1484792826846'/>
    <property name='p2.compressed' value='false'/>
  </properties>
  <mappings size='3'>
    <rule filter='(&amp; (classifier=osgi.bundle))' output='${repoUrl}/plugins/${id}_${version}.jar'/>
    <rule filter='(&amp; (classifier=binary))' output='${repoUrl}/binary/${id}_${version}'/>
    <rule filter='(&amp; (classifier=org.eclipse.update.feature))' output='${repoUrl}/features/${id}_${version}.jar'/>
  </mappings>
  <artifacts size='2'>
    <artifact classifier='osgi.bundle' id='org.mule.tooling.ui.contribution.youtube.3.5.0' version='1.0.0.201701182127'>
      <properties size='3'>
        <property name='artifact.size' value='3614362'/>
        <property name='download.size' value='3614362'/>
        <property name='download.md5' value='0ae321e5d8fb990756746e51e8e36680'/>
      </properties>
    </artifact>
    <artifact classifier='org.eclipse.update.feature' id='org.mule.tooling.ui.extension.youtube-connector.3.5.0' version='1.0.0.201701182127'>
      <properties size='4'>
        <property name='artifact.size' value='645'/>
        <property name='download.size' value='645'/>
        <property name='download.md5' value='1edb28536bf8dbdb1ef26ebb0cf74011'/>
        <property name='download.contentType' value='application/zip'/>
      </properties>
    </artifact>
  </artifacts>
</repository>
